{
 "statement": 
 "
		SELECT  	
			[SOXControl].[System Fields:Name],  	
			[SOXControl].[System Fields:Description],
			[SOXTest].[System Fields:Name],  	
			[SOXTest].[System Fields:Description]
		FROM [SOXControl]
		JOIN [SOXTest] ON PARENT( [SOXControl] )
		WHERE [SOXControl].[System Fields:Name] = '?'	
		ORDER BY [SOXControl].[System Fields:Name],[SOXTest].[System Fields:Name]
 ", 
	
 "skipCount": 0,
"maxRows": 1000,
"pageSize": 1000,
"caseInsensitive": false,
"honorPrimary": false
} 