{
 "statement": 
 "
	 SELECT 
		[AuditableEntity].[System Fields:Name],
		[AuditableEntity].[System Fields:Description],
		[AuditableEntity].[Citi-AE:EntStatus],
		[AuditableEntity].[Citi-AE:LeadAud],
		[AuditableEntity].[Citi-AE:AudiOwn],
		[AuditableEntity].[Citi-AE:AudiCon],
		[SOXBusEntity].[System Fields:Name],
		[SOXBusEntity].[System Fields:Description],
		[Citi_RA].[System Fields:Name],
		[Citi_RA].[Citi-RA:CitiLvlRiskRating],
		[AuditProgram].[Citi-Aud:AdjRprtPubDt],
	
		[Citi_DSMT_Link].[Citi-DSMT:ManagedSeg],
		[Citi_DSMT_Link].[Citi-DSMT:Country],
		[Citi_DSMT_Link].[Citi-DSMT:MGID],
		[Citi_DSMT_Link].[Citi-DSMT:Region],
		[Citi_DSMT_Link].[Citi-DSMT:LegalEntity],
		[Citi_DSMT_Link].[Citi-DSMT:LVID],
		[Citi_DSMT_Link].[Citi-DSMT:ManagedSeg],
		[Citi_DSMT_Link].[Citi-DSMT:MSID],
		[Citi_DSMT_Link].[Citi-DSMT:Type]
	 	
		FROM [AuditableEntity] 
			OUTER JOIN [Citi_DSMT_Link] ON PARENT([AuditableEntity]) 
			OUTER JOIN [Citi_RA] ON PARENT([AuditableEntity]) 
			OUTER JOIN [Citi_AEApp] ON PARENT([AuditableEntity]) 
			OUTER JOIN [AuditProgram] ON PARENT([Citi_AEApp]) 
			JOIN [SOXBusEntity] ON CHILD([AuditableEntity]) 
		WHERE [AuditableEntity].[System Fields:Name] = '?'	
		ORDER BY [AuditableEntity].[System Fields:Name], [Citi_DSMT_Link].[Citi-DSMT:ManagedSeg]
 ", 
	
 "skipCount": 0,
"maxRows": 1000,
"pageSize": 1000,
"caseInsensitive": false,
"honorPrimary": false
} 