{
 "statement": 
 "
	 SELECT 
		[AuditableEntity].[System Fields:Name],
		[Citi_RA].[System Fields:Name],
		[Citi_RA].[Citi-RA:RiskAsmtStatus],

		[Citi_RAEval].[Citi-RA:RA_Report],
		[Citi_RAEval].[Citi-RA:SysCalcFreqBand],
		[Citi_RAEval].[Citi-RA:CitiLvlRiskScore]
	
	FROM [AuditableEntity] 
	
		OUTER JOIN [Citi_RA] ON PARENT([AuditableEntity]) 
		OUTER JOIN [Citi_RAEval] ON PARENT([Citi_RA]) 

	ORDER BY [AuditableEntity].[System Fields:Name], [Citi_RAEval].[Citi-RA:RA_Report]

 ", 
	
 "skipCount": 0,
"maxRows": 1000,
"pageSize": 1000,
"caseInsensitive": false,
"honorPrimary": false
} 