{
		"mappings":[
			{"name":"[AuditableEntity].[System Fields:Name]","newName":"entityId"},
			{"name":"[AuditableEntity].[System Fields:Description]","newName":"entityName"},
			{"name":"[AuditableEntity].[Citi-AE:EntStatus]","newName":"entityStatus"},
			{"name":"[AuditableEntity].[Citi-AE:LeadAud]","newName":"entityLeadAuditor"},
			{"name":"[AuditableEntity].[Citi-AE:AudiOwn]","newName":"entityAuditOwner"},
			{"name":"[AuditableEntity].[Citi-AE:AudiCon]","newName":"entityAuditController"},	
			{"name":"[SOXBusEntity].[System Fields:Name]","newName":"iaDivisionId"},
			{"name":"[SOXBusEntity].[System Fields:Description]","newName":"iaDivisionName"},
			{"name":"[Citi_RA].[System Fields:Name]","newName":"riskAssessmentid"},
			{"name":"[Citi_RA].[Citi-RA:CitiLvlRiskRating]","newName":"raRating"},
			{"name":"[AuditProgram].[Citi-Aud:AdjRprtPubDt]","newName":"auditReportPubDate"},

			
			{"name":"[Citi_DSMT_Link].[Citi-DSMT:ManagedSeg]","newName":"dsmtSeqId","parent":"", "groupName":"dsmtInfo", "groupId":"dsmtSeqId", "groupIdIdx":11},
			{"name":"[Citi_DSMT_Link].[Citi-DSMT:Country]","newName":"country","parent":"", "groupName":"dsmtInfo", "groupId":"dsmtSeqId", "groupIdIdx":11},
			{"name":"[Citi_DSMT_Link].[Citi-DSMT:MGID]","newName":"countrySV","parent":"", "groupName":"dsmtInfo", "groupId":"dsmtSeqId", "groupIdIdx":11},
			{"name":"[Citi_DSMT_Link].[Citi-DSMT:Region]","newName":"region","parent":"", "groupName":"dsmtInfo", "groupId":"dsmtSeqId", "groupIdIdx":11},
			{"name":"[Citi_DSMT_Link].[Citi-DSMT:LegalEntity]","newName":"legalEntity","parent":"", "groupName":"dsmtInfo", "groupId":"dsmtSeqId", "groupIdIdx":11},
			{"name":"[Citi_DSMT_Link].[Citi-DSMT:LVID]","newName":"legalEntitySV","parent":"", "groupName":"dsmtInfo", "groupId":"dsmtSeqId", "groupIdIdx":11},
			{"name":"[Citi_DSMT_Link].[Citi-DSMT:ManagedSeg]","newName":"managedSegment","parent":"", "groupName":"dsmtInfo", "groupId":"dsmtSeqId", "groupIdIdx":11},
			{"name":"[Citi_DSMT_Link].[Citi-DSMT:MSID]","newName":"managedSegmentSV","parent":"", "groupName":"dsmtInfo", "groupId":"dsmtSeqId", "groupIdIdx":11},			
			{"name":"[Citi_DSMT_Link].[Citi-DSMT:Type]","newName":"homeImpacted","parent":"", "groupName":"dsmtInfo", "groupId":"dsmtSeqId", "groupIdIdx":11}
			
	    ]
}