{
 "statement": 
 "
		SELECT  	
			[CitiApp].[System Fields:Name],
			[CitiApp].[System Fields:Description],

			[CitiApp].[Citi-App:ApplStatus],
			[CitiApp].[Citi-App:BusCrt],
			[CitiApp].[Citi-App:DataPrvType],
			[CitiApp].[Citi-App:DetDesc],
			[CitiApp].[Citi-App:Franchise Critical],
			[CitiApp].[Citi-App:ISRsk],
			[CitiApp].[Citi-App:IAR Owner SOEID],
			[CitiApp].[Citi-App:PrmrOwnerFN],
			[CitiApp].[Citi-App:PrmrOwnerLN],
			[CitiApp].[Citi-App:Franchise Critical],
			[CitiApp].[Citi-App:SuppMgrRITSid],
			[CitiApp].[Citi-App:MatApp],
			[CitiApp].[Citi-App:Scope],
			[CitiApp].[Citi-App:SysCov]
			 	
						
		FROM [CitiApp]  	
			
		ORDER BY [CitiApp].[System Fields:Name]
 ", 
	
 "skipCount": 0,
"maxRows": 1000,
"pageSize": 1000,
"caseInsensitive": false,
"honorPrimary": false
} 