{
 "statement": 
 "
		SELECT  	
			[SOXBusEntity].[System Fields:Name],
			 	
				[SOXControl].[System Fields:Name],  
				[SOXControl].[System Fields:Description],  
				[SOXControl].[Citi-Ctl:MCA Control],  	
				[SOXControl].[Citi-Ctl:Scp],	
				[SOXControl].[Citi-DEA-Con:Overall DEA Conclusion],	
				[SOXControl].[Citi-Ctl:SOX],	
				[SOXRisk].[System Fields:Name],  
				[SOXControl].[Citi-Ctl:Detail],	
				[SOXControl].[Citi-Ctl:MagmtsAsmt-DEA],	
				[SOXControl].[Citi-DEA-Con:DEATestObj],	
				[SOXControl].[Citi-Ctl:Control Method],	
				[Citi_Iss].[Citi-Iss:Flagged Issues],  
				[SOXControl].[OPSS-Ctl:Control Type],	
					
					
						[SOXProcess].[System Fields:Name], 	
						[SOXProcess].[Citi_Prc:Audit Copy Reference ID], 	
						[SOXRisk].[System Fields:Name],
						[SOXRisk].[Citi_Rsk:Audit Copy Reference ID],
						[SOXControl].[System Fields:Name] 	
						
		FROM [SOXBusEntity]  	
			JOIN [SOXControl] ON PARENT( [SOXBusEntity] ) 	
			JOIN [SOXRisk] ON PARENT( [SOXControl] ) 	
			JOIN [Citi_Iss] ON PARENT( [SOXControl] ) 	
			
		ORDER BY [SOXBusEntity].[System Fields:Name], [SOXControl].[System Fields:Name]
 ", 
	
 "skipCount": 0,
"maxRows": 1000,
"pageSize": 1000,
"caseInsensitive": false,
"honorPrimary": false
} 