{
	"statement": "
		SELECT  	
			[AuditProgram].[System Fields:Name], 	
			[AuditProgram].[System Fields:Description], 	
			[AuditProgram].[OPSS-Aud:Status], 	
			[AuditProgram].[Citi-Aud:Regulatory Requirement Details], 		
			[AuditProgram].[OPSS-Aud:Owner], 	
			[AuditProgram].[Citi-Aud:Audit Controller], 	
			[AuditProgram].[Citi-Aud:Lead Auditor],		
			[AuditProgram].[Citi-Aud:AddLeadAuditors], 		
			[AuditProgram].[Citi-Flg:DataSegrFlag], 		
			[AuditProgram].[Citi-Flg:ConfFlag], 		
			[AuditProgram].[OPSS-Aud:Type],	 	
			[AuditProgram].[Citi-Aud:AuditSubType], 		
			[AuditProgram].[Citi-Aud:Attested Date],  	

			[Citi_AudMpReport].[System Fields:Name],  	
			[Citi_AudMpReport].[Citi-AMR:RepNum],  	
			[Citi_AudMpReport].[Citi-AMR:Audit Reporting Rating], 	
			[Citi_AudMpReport].[Citi-AMR:ARPubDate],  	
			[Citi_AudMpReport].[System Fields:Description], 	
			[Citi_AudMpReport].[Citi-AMR:Audit Report Type],
			
			[Workpaper].[System Fields:Name], 	
			
			[Citi_DSMT_Link].[Citi-DL:AEID],	
			[Citi_Iss].[System Fields:Name],  	
			[Citi_AEApp].[Citi-AEApp:Entity Name], 	
			[Citi_CAATTS].[System Fields:Name] 	
		FROM [AuditProgram]  	
			OUTER JOIN [AuditPhase] ON PARENT( [AuditProgram] ) 	
			OUTER JOIN [Citi_AudMpReport] ON PARENT( [AuditPhase] ) 	
			OUTER JOIN [Workpaper] ON CHILD( [Citi_AudMpReport] ) 	
			OUTER JOIN [Citi_Iss] ON CHILD( [Citi_AudMpReport] ) 	
			OUTER JOIN [AuditableEntity] ON CHILD( [Citi_Iss] )		
			OUTER JOIN [Citi_DSMT_Link] ON PARENT([Citi_AudMpReport])	
			OUTER JOIN [Citi_AEApp] ON CHILD([AuditProgram])	
			OUTER JOIN [SOXBusEntity] ON CHILD([AuditableEntity]) 	
			OUTER JOIN [Citi_CAATTS] ON PARENT([SOXBusEntity]) 	
		WHERE [AuditProgram].[Name] = '?'	
		ORDER BY [AuditProgram].[System Fields:Name], [Citi_AudMpReport].[System Fields:Name], [Citi_DSMT_Link].[Citi-DL:AEID], [Citi_AEApp].[Citi-AEApp:Entity Name], [Citi_CAATTS].[System Fields:Name]
	", 
	"skipCount": 0,
	"maxRows": 1000,
	"pageSize": 2000,
	"caseInsensitive": false,
	"honorPrimary": false
} 