{
		"mappings":[
			{"name":"System Fields:Name","newName":"auditId"},
			{"name":"System Fields:Description","newName":"auditName"},		
			{"name":"OPSS-Aud:Status","newName":"auditStatus"},
			{"name":"Citi-Aud:Regulatory Requirement Details","newName":"regulatoryRequirements"},			
			{"name":"OPSS-Aud:Owner","newName":"auditOwner"},
			{"name":"Citi-Aud:Audit Controller","newName":"auditController"},	
			{"name":"Citi-Aud:Lead Auditor,","newName":"leadAuditor"},						
			{"name":"Citi-Aud:AddLeadAuditors","newName":"additionalLeadAuditors"},			
			{"name":"Citi-Flg:DataSegrFlags","newName":"dataSegregationFlag"},			
			{"name":"Citi-Flg:ConfFlag","newName":"confidentialFlag"},			
			{"name":"OPSS-Aud:Type","newName":"auditType"},			
			{"name":"Citi-Aud:AuditSubType","newName":"auditSubType"},			
			{"name":"Citi-Aud:Attested Date","newName":"auditCompletionDate"},		
				
			{"name":"[Citi_AudMpReport].[System Fields:Name]","newName":"amrId","parent":"", "groupName":"auditAmrList", "groupId":"amrId", "groupIdIdx":13},
			{"name":"[Citi_AudMpReport].[Citi-AMR:RepNum]","newName":"amrReportNumber","parent":"", "groupName":"auditAmrList", "groupId":"amrId", "groupIdIdx":13},
			{"name":"[Citi_AudMpReport].[Citi-AMR:Audit Reporting Rating]","newName":"auditReportRating","parent":"", "groupName":"auditAmrList", "groupId":"amrId", "groupIdIdx":13},
			{"name":"[Citi_AudMpReport].[Citi-AMR:ARPubDate]","newName":"reportPublicationDate","parent":"", "groupName":"auditAmrList", "groupId":"amrId", "groupIdIdx":13},
			{"name":"[Citi_AudMpReport].[System Fields:Description]","newName":"amrTitle","parent":"", "groupName":"auditAmrList", "groupId":"amrId", "groupIdIdx":13},
			{"name":"[Citi_AudMpReport].[Citi-AMR:Audit Report Type]","newName":"caReportType","parent":"", "groupName":"auditAmrList", "groupId":"amrId", "groupIdIdx":13},
			
			{"name":"Workpaper:System Fields:Name","newName":"","parent":"auditAmrList", "groupName":"workpaper", "groupId":"", "groupIdIdx":19},
			
			{"name":"[Citi_DSMT_Link].[Citi-DL:AEID]","newName":"","parent":"auditAmrList", "groupName":"amrEntities", "groupId":"", "groupIdIdx":20},
			
			{"name":"[Citi_Iss].[System Fields:Name]","newName":"","parent":"auditAmrList", "groupName":"attachedIssueList", "groupId":"", "groupIdIdx":21},
						
			{"name":"[Citi_AEApp].[Citi-AEApp:Entity Name]","newName":"","parent":"", "groupName":"entities", "groupId":"", "groupIdIdx":22},
			
			{"name":"[Citi_CAATTS].[System Fields:Name]","newName":"a360SolutionName","parent":"", "groupName":"audit360SolutionsUsed", "groupId":"a360SolutionName", "groupIdIdx":23}
	    ]
}