{
 "statement": 
 "
		SELECT  	
			[AuditableEntity].[System Fields:Name], 	
			
			[SOXRisk].[System Fields:Name],  	
			[SOXRisk].[System Fields:Description],  	
			[SOXRisk].[System Label],  	
			[SOXRisk].[Citi_Rsk:Detail],  	
			[SOXProcess].[System Fields:Name], 	
			[Citi_Iss].[System Fields:Name]
			
		FROM [AuditableEntity]  	
			JOIN [SOXProcess] ON PARENT( [AuditableEntity] ) 	
			JOIN [SOXRisk] ON PARENT( [SOXProcess] ) 	
			JOIN [SOXControl] ON PARENT( [SOXRisk] ) 	
			JOIN [Citi_Iss] ON PARENT( [SOXControl] ) 	
			
		ORDER BY [AuditableEntity].[System Fields:Name], [SOXRisk].[System Fields:Name]
 ", 
	
	
	
	\
 "skipCount": 0,
"maxRows": 1000,
"pageSize": 1000,
"caseInsensitive": false,
"honorPrimary": false
} 