{
 "statement": 
 "
		SELECT  	
			[AuditProgram].[System Fields:Name], 	
			[Citi_Iss].[System Fields:Name],  	
			[Citi_Iss].[System Fields:Description],
			[Citi_Iss].[Citi-Iss:Issue Type],
			[Citi_Iss].[Citi-Iss:IssNum],			
			[Citi_Iss].[Citi-Iss:IssLvl],
			[Citi_Iss].[Citi-Iss:Summ],
			[Citi_Iss].[Citi-Iss:Root Cause Description],
			[Citi_Iss].[Citi-Iss:IAImpPplRisk],
			[Citi_Iss].[Citi-Iss:IARtCausePplRisk],
			[Citi_Iss].[Citi-Iss:KAMLS],
			[Citi_Iss].[Citi-Iss:Cpml],
			[Citi_Iss].[Citi-Iss:Fiduciary],
			[Citi_Iss].[Citi-Iss:PolRel],
			[Citi_Iss].[Citi-Iss:RptIss],
			[Citi_Iss].[Citi-Iss:IBAM],
			[Citi_Iss].[Citi-Iss:RepImp],
			[Citi_Iss].[Citi-Iss:Basel],
			[Citi_Iss].[Citi-Iss:SOXInd],
			[Citi_Iss].[Citi-Iss:FDICIA],
			[Citi_Iss].[Citi-Iss:ResCostRel],
			[Citi_Iss].[Citi-Iss:ICAPSIssID],
			[Citi_Iss].[Citi-Iss:MCA-GRC],
			[Citi_Iss].[Citi-Iss:MCAIdent],
			[Citi_Iss].[Citi-Iss:DocWeak],
			[Citi_Iss].[Citi-Iss:MgmtRespDt],
			[Citi_Iss].[Citi-Iss:RespExcName],
			[Citi_Iss].[Citi-Iss:IAValDt],
			[Citi_Iss].[Citi-Iss:IssDetStatus],
			[Citi_Iss].[Citi-Iss:Due Date],
			[Citi_Iss].[Citi-Iss:Issue Type],
			[Citi_Iss].[Citi-Iss:IssRelTag],
			
			[Citi_CAP].[Citi-CAP:Action Plan Type], 	
			[Citi_CAP].[Citi-CAP:Assignee], 	
			[Citi_CAP].[Citi-CAP:Due Date], 	
			[Citi_CAP].[System Fields:Name], 	
			[Citi_CAP].[System Fields:Description], 	
			[Citi_CAP].[Citi-CAP:Due Date],
			
			[Citi_Iss].[Citi-Iss:IssNum]
			 	
		FROM [AuditProgram]  	
			JOIN [AuditPhase] ON PARENT( [AuditProgram] ) 	
			JOIN [Citi_AudMpReport] ON PARENT( [AuditPhase] ) 	
			JOIN [AuditableEntity] ON CHILD( [Citi_AudMpReport] ) 	
			JOIN [Citi_Iss] ON parent( [AuditableEntity] ) 	
			JOIN [Citi_CAP] ON parent( [Citi_Iss] ) 	
		ORDER BY [AuditProgram].[System Fields:Name], [Citi_Iss].[System Fields:Name]
 ", 
	
 "skipCount": 0,
"maxRows": 1000,
"pageSize": 1000,
"caseInsensitive": false,
"honorPrimary": false
} 