{
 "statement": 
 "
		SELECT  	
			[AuditProgram].[System Fields:Name], 	
			
			[Citi_AudMpReport].[Citi-AMR:RepNum],  	
			[Citi_AudMpReport].[System Fields:Name],  	
			
			[AuditableEntity].[System Fields:Name],	
			
			[SOXProcess].[System Fields:Name],				
			[SOXRisk].[System Fields:Name],	
			[SOXControl].[System Fields:Name]	
			
		FROM [AuditProgram]  	
			JOIN [AuditPhase] ON PARENT( [AuditProgram] ) 	
			JOIN [Citi_AudMpReport] ON PARENT( [AuditPhase] ) 	
			JOIN [AuditableEntity] ON CHILD( [Citi_AudMpReport] ) 	
			JOIN [SOXProcess] ON PARENT( [AuditableEntity] ) 
			JOIN [SOXRisk] ON PARENT( [SOXProcess] ) 
			JOIN [SOXControl] ON PARENT( [SOXRisk] ) 
			
				
		ORDER BY [AuditProgram].[System Fields:Name], [Citi_AudMpReport].[System Fields:Name]
 ", 
	
 "skipCount": 0,
"maxRows": 1000,
"pageSize": 1000,
"caseInsensitive": false,
"honorPrimary": false
} 